{
  "version": 3,
  "artifactType": {
    "type": "APK",
    "kind": "Directory"
  },
  "applicationId": "org.qtproject.example.devLernapp",
  "variantName": "release",
  "elements": [
    {
      "type": "SINGLE",
      "filters": [],
      "attributes": [],
      "versionCode": 1,
      "versionName": "1.0",
      "outputFile": "android-build-devLernapp-release-unsigned.apk"
    }
  ],
  "elementType": "File",
  "baselineProfiles": [
    {
      "minApi": 28,
      "maxApi": 30,
      "baselineProfiles": [
        "baselineProfiles/1/android-build-devLernapp-release-unsigned.dm"
      ]
    },
    {
      "minApi": 31,
      "maxApi": 2147483647,
      "baselineProfiles": [
        "baselineProfiles/0/android-build-devLernapp-release-unsigned.dm"
      ]
    }
  ],
  "minSdkVersionForDexing": 28
}